{
  "model_name": "RandomForestClassifier",
  "threshold": 0.4200394225060393,
  "numeric_columns": [
    "age",
    "hypertension",
    "heart_disease",
    "bmi",
    "HbA1c_level",
    "blood_glucose_level"
  ],
  "categorical_columns": [
    "gender",
    "smoking_history"
  ],
  "metrics_at_0.5": {
    "accuracy": 0.9174,
    "precision": 0.5080753701211306,
    "recall": 0.888235294117647,
    "f1": 0.646404109589041,
    "roc_auc": 0.9762072806171649,
    "confusion_matrix": [
      [
        16838,
        1462
      ],
      [
        190,
        1510
      ]
    ]
  },
  "metrics_at_threshold": {
    "accuracy": 0.8966,
    "precision": 0.4475484606613455,
    "recall": 0.9235294117647059,
    "f1": 0.6029185867895546,
    "roc_auc": 0.9762072806171649,
    "confusion_matrix": [
      [
        16362,
        1938
      ],
      [
        130,
        1570
      ]
    ]
  }
}